anio,t,incidencia_por_100k,casos_estimados
2000,0,37.0,36000
2001,1,36.0,36000
2002,2,33.0,33000
2003,3,34.0,35000
2004,4,26.0,27000
2005,5,31.0,32000
2006,6,29.0,31000
2007,7,28.0,31000
2008,8,28.0,31000
2009,9,27.0,31000
2010,10,28.0,32000
2011,11,27.0,31000
2012,12,26.0,31000
2013,13,26.0,30000
2014,14,25.0,30000
2015,15,25.0,30000
2016,16,25.0,31000
2017,17,25.0,31000
2018,18,26.0,32000
2019,19,26.0,32000
2020,20,26.0,33000
2021,21,27.0,34000
2022,22,27.0,35000
2023,23,28.0,36000
2024,24,28.0,37000
